INSERT INTO User(id,username,password)
VALUES
(1, 'genshinplayerone', 111),
(2, 'genshinplayertwo', 222),
(3, 'genshinplayerthree', 333);

INSERT INTO Team(teamId,userId,teamMember1,teamMember2,teamMember3,teamMember4,shared,likes)
VALUES
(1,1,4,3,2,1,1,0),
(2,1,6,5,4,3,1,10),
(3,3,9,8,7,6,1,0);

INSERT INTO Artifact(artifactId,userId,artifactName,artifactSlot,artifactHPPercent,artifactHP,artifactAttackPercent,artifactAttack,artifactDefensePercent,artifactDefense,artifactElementalMastery,artifactCriticalRatePercent,artifactCriticalDamagePercent,artifactEnergyRecharge,artifactDamageBonus)
VALUES
(1,1,'Viridescent Venerer','flower',20,4780,15,null,null,null,30,null,null,5,null),
(2,1,'Crimson Witch of Flames','plume',null,null,5,311,null,null,16,10,20,null,null),
(3,1,'Gladiator''s Finale','sand',10,null,46.6,null,20,null,null,10,null,15,null),
(4,1,'Noblesse Oblige','goblet',null,200,10,null,null,null,null,30,10,null,'physical'),
(5,1,'Pale Flame','circlet',null,null,5,null,null,null,13,15,62.2,5,null),
(6,1,'Pale Flame','circlet',null,null,2,null,null,null,15,13,40.2,10,null),
(7,1,'Crimson Witch of Flames','flower',10,1200,15,null,15,null,30,null,12,null,null),
(8,1,'Noblesse Oblige','plume',null,null,null,340,null,13.2,null,10,20,null,null),
(9,1,'Gladiator''s Finale','sand',5,null,null,15,20,null,30.5,null,null,null,15.5),
(10,1,'Viridescent Venerer','goblet',35,null,10,null,15.5,21.5,null,null,10,null,'elemental'),
(11,1,'Gladiator''s Finale','circlet',null,100,null,20,null,null,13,null,null,10.5,null),
(12,1,'Noblesse Oblige','flower',25,null,null,30,null,15.5,null,null,null,12,null),
(13,1,'Viridescent Venerer','plume',null,3000,30,null,15,null,25.5,null,null,null,null),
(14,1,'Pale Flame','sand',30,null,null,null,20,null,5,null,13.5,25,null),
(15,1,'Gladiator''s Finale','goblet',null,null,30,null,15.5,null,20.5,null,20,20,null),
(16,1,'Crimson Witch of Flames','circlet',null,4000,null,35,null,13.5,null,null,10,null,null),
(17,1,'Gladiator''s Finale','flower',null,5000,null,5,null,null,10,null,10.5,null,null),
(18,1,'Pale Flame','plume',null,null,null,15,null,15,null,null,40,null,null),
(19,1,'Viridescent Venerer','sand',20,null,10.5,null,30.5,null,null,30,null,null,null),
(20,1,'Noblesse Oblige','goblet',null,2000,null,40,null,null,5.5,5.5,5.5,null,null),
(21,1,'Crimson Witch of Flames','circlet',null,null,20.5,null,25.5,null,10,10,null,null,null),
(22,1,'Noblesse Oblige','flower',null,1500,null,null,20,null,20,null,5,null,null),
(23,1,'Gladiator''s Finale','plume',null,null,30,null,15,null,10,null,null,null,'physical'),
(24,1,'Crimson Witch of Flames','sand',20,null,null,15.5,null,7.5,null,null,null,null,'elemental'),
(25,1,'Pale Flame','goblet',15,null,15,null,null,null,30,null,null,null,'physical');

INSERT INTO Character(characterId,characterName,characterHP,characterAttack,characterDefense,characterElementalMastery,characterCriticalRatePercent,characterCriticalDamagePercent,characterEnergyRecharge,characterSpecialStat,characterSpecialStatValue)
VALUES
(1,'Jean',14695,239,769,0,5,50,100,null,0),
(2,'Kaedehara Kazuha',13348,297,807,115.2,5,50,100,null,0),
(3,'Sayu',11854,244,745,96,5,50,100,null,0),
(4,'Sucrose',9243,170,703,0,5,50,100,'Anemo',24),
(5,'Traveler',10875,212,683,0,5,50,100,'atk',24),
(6,'Venti',10531,263,669,0,5,50,132,null,0),
(7,'Xiao',12736,349,799,0,24.2,50,100,null,0),
(8,'Aloy',10899,234,676,0,5,50,100,'atk',28.8),
(9,'Chongyun',10984,223,648,0,5,50,100,'atk',24),
(10,'Diona',9570,212,601,0,5,50,100,'Cryo',24),
(11,'Eula',13226,342,751,0,5,88.4,100,null,0),
(12,'Ganyu',9797,335,630,0,5,88.4,100,null,0),
(13,'Kaeya',11636,223,792,0,5,50,126.7,null,0),
(14,'Kamisato Ayaka',12858,342,784,0,5,88.4,100,null,0),
(15,'Qiqi',12368,287,922,0,5,50,100,null,0),
(16,'Rosaria',12289,240,710,0,5,50,100,'atk',24),
(17,'Beidou',13050,225,648,0,5,50,100,'Electro',24),
(18,'Fischl',9189,244,594,0,5,50,100,'atk',24),
(19,'Keqing',13103,323,799,0,5,88.4,100,null,0),
(20,'Kujou Sara',9570,195,628,0,5,50,100,'atk',24),
(21,'Lisa',9570,232,573,96,5,50,100,null,0),
(22,'Raiden Shogun',12907,337,789,0,5,50,132,null,0),
(23,'Razor',11962,234,751,0,5,50,100,'Physical',30),
(24,'Albedo',13226,251,876,0,5,50,100,'Geo',28.8),
(25,'Ningguang',9787,212,573,0,5,50,100,'Geo',24),
(26,'Noelle',12071,191,799,0,5,50,100,'def',30),
(27,'Zhongli',14695,251,738,0,5,50,100,'Geo',28.8),
(28,'Barbara',9787,159,669,0,5,50,100,'hp',24),
(29,'Mona',10409,287,653,0,5,50,132,null,0),
(30,'Sangonomiya',13471,234,657,0,5,50,100,'Hydro',28.8),
(31,'Tartaglia',13103,301,815,0,5,50,100,'Hydro',28.8),
(32,'Xingqiu',10223,202,758,0,5,50,100,'atk',24),
(33,'Amber',9461,223,601,0,5,50,100,'atk',24),
(34,'Bennett',12397,191,771,0,5,50,126.7,null,0),
(35,'Diluc',12981,335,784,0,24.2,50,100,null,0),
(36,'Hu Tao',15552,106,876,0,5,88.4,100,null,0),
(37,'Klee',10287,311,615,0,5,50,100,'Pyro',28.8),
(38,'Thoma',10331,202,751,0,5,50,100,'atk',24),
(39,'Xiangling',10875,225,669,96,5,50,100,null,0),
(40,'xinyan',11201,249,799,0,5,50,100,'atk',24),
(41,'Yanfei',9352,240,587,0,5,50,100,'Pyro',24),
(42,'Yoimiya',10164,323,615,0,24.2,50,100,null,0);

INSERT INTO Weapon(weaponId,weaponType,weaponName,weaponAttack,weaponSecondStat,weaponSecondStatValue)
VALUES
(1,'bow','Skyward Harp',674,'cr',22.1),
(2,'bow','Amos''Bow',608,'atk',49.6),
(3,'Catalysts','Skyward Atlas',674,'atk',33.1),
(4,'Catalysts','Lost Prayer to the Sacred Winds',608,'atk',33.1),
(5,'Claymores','Wolf''s Gravestone',608,'atk',49.6),
(6,'Claymores','Skyward Pride',674,'er',36.8),
(7,'Polearms','Primordial Jade Winged-Spear',674,'cr',22.1),
(8,'Polearms','Skyward Spine',674,'er',36.8),
(9,'Swords','Aquila Favonia',674,'Physical',41.3),
(10,'Swords','Skyward Blade',608,'er',55.1),
(11,'bow','Polar Star',608,'cr',33.1),
(12,'bow','Thundering Pulse',608,'cd',66.2),
(13,'bow','Elegy for the End',608,'er',55.1),
(14,'bow','Alley Hunter',565,'atk',27.6),
(15,'bow','The Viridescent Hunt',510,'cr',27.6),
(16,'bow','The Stringless',510,'em',165),
(17,'bow','Sacrificial Bow',565,'er',30.6),
(18,'bow','Rust',510,'atk',41.3),
(19,'bow','Royal Box',510,'atk',41.3),
(20,'bow','Predator',510,'atk',41.3),
(21,'bow','Prototype Crescent',510,'atk',41.3),
(22,'bow','Mouun''s Moon',565,'atk',27.6),
(23,'bow','Mitternachts Waltz',510,'Physical',51.7),
(24,'bow','Hamayumi',454,'atk',55.1),
(25,'bow','Favonius Warbow',454,'er',61.3),
(26,'bow','Compound Bow',454,'Physical',69),
(27,'bow','Blackcliff Warbow',565,'cd',36.8),
(28,'bow','Windblume Ode',510,'em',165),
(29,'bow','Raven Bow',448,'em',94),
(30,'bow','Recurve Bow',354,'hp',46.9),
(31,'bow','Messenger',448,'cd',31.2),
(32,'bow','Sharpshooter''s Oath',401,'cd',46.9),
(33,'bow','Slingshot',354,'cr',31.2),
(34,'Catalysts','Everlasting Moonglow',608,'hp',49.6),
(35,'Catalysts','Memory of Dust',608,'atk',4.6),
(36,'Catalysts','Wine and Song',565,'er',30.6),
(37,'Catalysts','The Widsith',510,'cd',55.1),
(38,'Catalysts','Solar Pearl',510,'cr',27.6),
(39,'Catalysts','Sacrificial Fragments',454,'em',221),
(40,'Catalysts','Royal Grimoire',565,'atk',27.6),
(41,'Catalysts','Prototype Amber',510,'hp',41.3),
(42,'Catalysts','Mappa Mare',565,'em',110),
(43,'Catalysts','Hakushin Ring',565,'er',30.6),
(44,'Catalysts','Frostbearer',510,'atk',41.3),
(45,'Catalysts','Favonius Codex',510,'er',45.9),
(46,'Catalysts','Eye of Perception',454,'atk',55.1),
(47,'Catalysts','Dodoco Tales',454,'atk',55.1),
(48,'Catalysts','Blackcliff Agate',510,'cd',55.1),
(49,'Catalysts','Magic Guide',354,'em',187),
(50,'Catalysts','Otherworldly Story',401,'er',39.0),
(51,'Catalysts','Emerald Orb',448,'em',94),
(52,'Catalysts','Thrilling Tales of Dragon Slayers',401,'hp',35.2),
(53,'Catalysts','Twin Nephrite',448,'cr',15.6),
(54,'Claymores','The Unforged',608,'atk',49.6),
(55,'Claymores','Song of Broken Pines',741,'Physical',20.7),
(56,'Claymores','Akuoumaru',510,'atk',41.3),
(57,'Claymores','Royal Greatsword',565,'atk',27.6),
(58,'Claymores','Whiteblind',510,'def',51.7),
(59,'Claymores','The Bell',510,'hp',41.3),
(60,'Claymores','Snow-Tombed Starsilver',565,'Physical',34.5),
(61,'Claymores','Favonius Greatsword',454,'er',61.3),
(62,'Claymores','Katsuragikiri Nagamasa',510,'er',45.9),
(63,'Claymores','Sacrificial Greatsword',565,'er',30.6),
(64,'Claymores','Serpent Spine',510,'cr',27.6),
(65,'Claymores','Blackcliff Slasher',510,'cd',55.1),
(66,'Claymores','Rainslasher',510,'em',165),
(67,'Claymores','Prototype Archaic',565,'atk',27.6),
(68,'Claymores','Luxurious Sea-Lord',454,'atk',55.1),
(69,'Claymores','Lithic Blade',510,'atk',41.3),
(70,'Claymores','Skyrider Greatsword',401,'Physical',43.9),
(71,'Claymores','Debate Club',401,'atk',35.2),
(72,'Claymores','Bloodtainted Greatsword',354,'em',187),
(74,'Claymores','White Iron Greatsword',401,'def',43.9),
(75,'Claymores','Ferrous Shadow',401,'hp',35.2),
(76,'Polearms','Engulfing Lightning',608,'er',55.1),
(77,'Polearms','Staff of Homa',608,'cd',66.2),
(78,'Polearms','Vortex Vanquisher',608,'atk',49.6),
(79,'Polearms','Prototype Starglitter',510,'er',45.9),
(80,'Polearms','Lihic Spear',565,'atk',27.6),
(81,'Polearms','Kitain Cross Spear',565,'em',110),
(82,'Polearms','The Catch',510,'er',45.9),
(83,'Polearms','Favonius Lance',565,'er',30.6),
(84,'Polearms','Dragonspine Spear',454,'Physical',69.0),
(85,'Polearms','Dragon''s Bane',454,'em',221),
(86,'Polearms','Deathmatch',454,'cr',36.8),
(87,'Polearms','Crescent Pike',565,'Physical',34.5),
(88,'Polearms','Blackcliff Pole',510,'cd',55.1),
(89,'Polearms','Wavebreaker''s Fin',620,'atk',13.8),
(90,'Polearms','Royal Spear',565,'atk',27.6),
(91,'Polearms','White Tassel',401,'cr',23.4),
(92,'Polearms','Black Tassel',354,'hp',46.9),
(93,'Polearms','Halberd',448,'atk',23.4),
(94,'Swords','Mistsplitter Reforged',674,'cd',44.1),
(95,'Swords','Summit Shaper',608,'atk',49.6),
(96,'Swords','Freedom-Sworn',608,'em',198),
(97,'Swords','PrimordiaL Jade Cutter',542,'cr',44.1),
(98,'Swords','The Flute',510,'atk',41.3),
(99,'Swords','The Black Sword',510,'cr',27.6),
(100,'Swords','The Alley Flash',620,'em',55),
(101,'Swords','Sword of Descension',440,'atk',35.2),
(102,'Swords','Sacrificial Sword',454,'er',61.3),
(103,'Swords','Royal Longsword',510,'atk',41.3),
(104,'Swords','Prototype Rancour',565,'Physical',34.5),
(105,'Swords','Amenoma Kageuchi',454,'atk',55.1),
(106,'Swords','Lion''s Roar',510,'atk',41.3),
(107,'Swords','Iron String',510,'em',165),
(108,'Swords','Festering Desire',510,'er',45.9),
(109,'Swords','Favonius Sword',454,'er',61.3),
(110,'Swords','Cinnabar Spindle',454,'def',69),
(111,'Swords','Blackcliff Longsword',565,'cd',36.8),
(112,'Swords','Harbinger of Dawn',401,'cd',46.9),
(113,'Swords','Fillet Blade',401,'atk',35.2),
(114,'Swords','Skyrider Sword',354,'er',51.7),
(115,'Swords','Dark Iron Sword',401,'em',141),
(116,'Swords','Cool Steel',401,'atk',35.2),
(117,'Swords','Traveler''s Handy Sword',448,'def',27.5);

INSERT INTO Comment(commentId,commentTeamId,comment)
VALUES
(1,2,'this is a really good team!');

INSERT INTO Artifactset(artifactSetId,artifactSetName,artifactSetComment)
VALUES
(1,'Ocean-Hued Clam','Healing bonus'),
(2,'Husk of Opulent Dreams','DEF bonus'),
(3,'Emblem of Severed Fate','Energy Recharge bonus'),
(4,'Shimenawa''s Reminiscence','ATK bonus'),
(5,'Pale Flame','Physic DMG bonus'),
(6,'Tenacity if the Millelith','HP bonus'),
(7,'Heart of Depth','Hydro DMG bonus'),
(8,'Blizzard Strayer','Cryo DMG bonus'),
(9,'Retracing Bolide','Shield bonus'),
(10,'Archaic Petra','Geo DMG bonus'),
(11,'Bloodstained Chivalry','Physic DMG bonus'),
(12,'Noblesse Oblige','Elemental Burst DMG bonus'),
(13,'Lavawalker','Pyro RES bonus'),
(14,'Crimson Witch of Flames','Pyro DMG bonus'),
(15,'Viridescent Venerer','Anemo DMG bonus'),
(16,'Maiden Beloved','Healing Bonus'),
(17,'Thundering Fury','Electro DMG bonus'),
(18,'Thunder-soother','Electro RES bonus'),
(19,'Wanderer''s Troupe','Elemental Mastery bonus'),
(20,'Gladiator''s Finale','ATK bonus');

